{
  "基本統計": {
    "總記錄數": 6994,
    "平均文本長度": 30247.632971118102,
    "文本長度分位數": {
      "count": 6994.0,
      "mean": 30247.632971118102,
      "std": 53705.97975808023,
      "min": 191.0,
      "25%": 6162.75,
      "50%": 14346.5,
      "75%": 35924.25,
      "max": 1630939.0
    }
  },
  "關鍵詞統計": {
    "Acute abdomen": 